,#,Name,Type 1,Type 2,HP,Attack,Defense,Sp. Def,Speed,Generation,Legendary,Rating
163,150,MewtwoMega Mewtwo X,Psychic,Fighting,106,190,100,100,130,1,True,30.0
164,150,MewtwoMega Mewtwo Y,Psychic,,106,150,70,120,140,1,True,30.0
426,384,RayquazaMega Rayquaza,Dragon,Flying,105,180,100,100,115,3,True,30.0
424,383,GroudonPrimal Groudon,Ground,Fire,100,180,160,90,90,3,True,28.333333333333343
422,382,KyogrePrimal Kyogre,Water,,100,150,90,160,90,3,True,28.333333333333343
552,493,Arceus,Normal,,120,120,120,120,120,4,True,20.0
711,646,KyuremBlack Kyurem,Dragon,Ice,125,170,100,90,95,5,True,16.66666666666667
712,646,KyuremWhite Kyurem,Dragon,Ice,125,120,90,100,95,5,True,16.66666666666667
494,445,GarchompMega Garchomp,Dragon,Ground,108,170,115,95,92,4,False,16.66666666666667
268,248,TyranitarMega Tyranitar,Rock,Dark,100,164,150,120,71,2,False,16.66666666666667
409,373,SalamenceMega Salamence,Dragon,Flying,95,145,130,90,120,3,False,16.66666666666667
413,376,MetagrossMega Metagross,Steel,Psychic,80,145,150,110,110,3,False,16.66666666666667
420,381,LatiosMega Latios,Dragon,Psychic,80,130,100,120,110,3,True,16.66666666666667
418,380,LatiasMega Latias,Dragon,Psychic,80,100,120,150,110,3,True,16.66666666666667
796,719,DiancieMega Diancie,Rock,Fairy,50,160,110,110,110,6,True,16.66666666666667
545,487,GiratinaOrigin Forme,Ghost,Dragon,150,120,100,100,90,4,True,13.333333333333329
544,487,GiratinaAltered Forme,Ghost,Dragon,150,100,120,120,90,4,True,13.333333333333329
792,716,Xerneas,Fairy,,126,131,95,98,99,6,True,13.333333333333329
793,717,Yveltal,Dark,Flying,126,131,95,98,99,6,True,13.333333333333329
270,250,Ho-oh,Fire,Flying,106,130,90,154,90,2,True,13.333333333333329
162,150,Mewtwo,Psychic,,106,110,90,90,130,1,True,13.333333333333329
269,249,Lugia,Psychic,Flying,106,90,130,154,110,2,True,13.333333333333329
425,384,Rayquaza,Dragon,Flying,105,150,90,90,95,3,True,13.333333333333329
707,644,Zekrom,Dragon,Electric,100,150,120,100,90,5,True,13.333333333333329
540,483,Dialga,Steel,Dragon,100,120,120,100,90,4,True,13.333333333333329
706,643,Reshiram,Dragon,Fire,100,120,100,120,90,5,True,13.333333333333329
541,484,Palkia,Water,Dragon,90,120,100,120,100,4,True,13.333333333333329
798,720,HoopaHoopa Unbound,Psychic,Dark,80,160,60,130,80,6,True,13.333333333333329
313,289,Slaking,Normal,,150,160,100,65,100,3,False,11.666666666666671
543,486,Regigigas,Normal,,110,160,110,110,100,4,True,11.666666666666671
423,383,Groudon,Ground,,100,150,140,90,90,3,True,11.666666666666671
421,382,Kyogre,Water,,100,100,90,140,90,3,True,11.666666666666671
710,646,Kyurem,Dragon,Ice,125,130,90,90,95,5,True,10.0
141,130,GyaradosMega Gyarados,Water,Dark,95,155,109,130,81,1,False,6.666666666666671
283,260,SwampertMega Swampert,Water,Ground,100,150,110,110,70,3,False,5.833333333333329
7,6,CharizardMega Charizard X,Fire,Dragon,78,130,111,85,100,1,False,5.666666666666671
8,6,CharizardMega Charizard Y,Fire,Flying,78,104,78,115,100,1,False,5.666666666666671
279,257,BlazikenMega Blaziken,Fire,Fighting,80,160,80,80,100,3,False,5.0
12,9,BlastoiseMega Blastoise,Water,,79,103,120,115,78,1,False,5.0
333,306,AggronMega Aggron,Steel,,70,140,230,80,50,3,False,5.0
275,254,SceptileMega Sceptile,Grass,Dragon,70,110,75,85,145,3,False,5.0
3,3,VenusaurMega Venusaur,Grass,Poison,80,100,123,120,80,1,False,4.166666666666671
498,448,LucarioMega Lucario,Fighting,Steel,70,145,88,70,112,4,False,4.166666666666671
527,475,GalladeMega Gallade,Psychic,Fighting,68,165,95,115,110,4,False,3.0
306,282,GardevoirMega Gardevoir,Psychic,Fairy,68,85,65,135,100,3,False,3.0
154,142,AerodactylMega Aerodactyl,Rock,Flying,80,135,85,95,150,1,False,2.5
196,181,AmpharosMega Ampharos,Electric,Dragon,90,95,105,110,45,2,False,1.6666666666666714
224,208,SteelixMega Steelix,Steel,Ground,75,125,230,95,30,2,False,1.6666666666666714
546,488,Cresselia,Psychic,,120,70,120,130,85,4,False,0.0
493,445,Garchomp,Dragon,Ground,108,130,95,85,102,4,False,0.0
794,718,Zygarde50% Forme,Dragon,Ground,108,100,121,95,95,6,True,0.0
267,248,Tyranitar,Rock,Dark,100,134,110,100,61,2,False,0.0
716,648,MeloettaPirouette Forme,Normal,Fighting,100,128,90,77,128,5,False,0.0
551,492,ShayminSky Forme,Grass,Flying,100,103,75,75,127,4,True,0.0
165,151,Mew,Psychic,,100,100,100,100,100,1,False,0.0
271,251,Celebi,Psychic,Grass,100,100,100,100,100,2,False,0.0
427,385,Jirachi,Steel,Psychic,100,100,100,100,100,3,True,0.0
548,490,Manaphy,Water,,100,100,100,100,100,4,False,0.0
550,492,ShayminLand Forme,Grass,,100,100,100,100,100,4,True,0.0
553,494,Victini,Psychic,Fire,100,100,100,100,100,5,True,0.0
715,648,MeloettaAria Forme,Normal,Psychic,100,77,77,128,90,5,False,0.0
408,373,Salamence,Dragon,Flying,95,135,80,80,100,3,False,0.0
696,635,Hydreigon,Dark,Dragon,92,105,90,90,98,5,False,0.0
161,149,Dragonite,Dragon,Flying,91,134,95,100,80,1,False,0.0
542,485,Heatran,Fire,Steel,91,90,106,106,77,4,True,0.0
776,706,Goodra,Dragon,,90,100,70,150,80,6,False,0.0
709,645,LandorusTherian Forme,Ground,Flying,89,145,90,80,91,5,True,0.0
708,645,LandorusIncarnate Forme,Ground,Flying,89,125,90,80,101,5,True,0.0
232,214,HeracrossMega Heracross,Bug,Fighting,80,185,115,105,75,2,False,0.0
412,376,Metagross,Steel,Psychic,80,135,130,90,70,3,False,0.0
797,720,HoopaHoopa Confined,Psychic,Ghost,80,110,60,130,70,6,True,0.0
799,721,Volcanion,Fire,Water,80,110,120,90,70,6,True,0.0
419,381,Latios,Dragon,Psychic,80,90,80,110,110,3,True,0.0
417,380,Latias,Dragon,Psychic,80,80,90,130,110,3,True,0.0
248,229,HoundoomMega Houndoom,Dark,Fire,75,90,90,90,115,2,False,0.0
717,649,Genesect,Bug,Steel,71,120,95,95,99,5,False,0.0
229,212,ScizorMega Scizor,Bug,Steel,70,150,140,100,75,2,False,0.0
549,491,Darkrai,Dark,,70,90,90,90,125,4,True,0.0
137,127,PinsirMega Pinsir,Bug,Flying,65,155,120,90,105,1,False,0.0
102,94,GengarMega Gengar,Ghost,Poison,60,65,80,95,130,1,False,0.0
429,386,DeoxysAttack Forme,Psychic,,50,180,20,20,150,3,True,0.0
428,386,DeoxysNormal Forme,Psychic,,50,150,50,50,150,3,True,0.0
795,719,Diancie,Rock,Fairy,50,100,150,150,50,6,True,0.0
431,386,DeoxysSpeed Forme,Psychic,,50,95,90,90,180,3,True,0.0
430,386,DeoxysDefense Forme,Psychic,,50,70,160,160,90,3,True,0.0
511,460,AbomasnowMega Abomasnow,Grass,Ice,90,132,105,105,30,4,False,-1.0
124,115,KangaskhanMega Kangaskhan,Normal,,105,125,100,100,100,1,False,-1.6666666666666714
87,80,SlowbroMega Slowbro,Water,Psychic,95,75,180,80,30,1,False,-1.6666666666666714
366,334,AltariaMega Altaria,Dragon,Fairy,75,110,110,105,80,3,False,-1.6666666666666714
71,65,AlakazamMega Alakazam,Psychic,,55,50,65,95,150,1,False,-1.6666666666666714
263,244,Entei,Fire,,115,115,85,75,100,2,True,-3.3333333333333286
264,245,Suicune,Water,,100,75,115,115,85,2,True,-3.3333333333333286
700,639,Terrakion,Rock,Fighting,91,129,90,90,108,5,True,-3.3333333333333286
699,638,Cobalion,Steel,Fighting,91,90,129,72,108,5,True,-3.3333333333333286
701,640,Virizion,Grass,Fighting,91,90,72,129,108,5,True,-3.3333333333333286
713,647,KeldeoOrdinary Forme,Water,Fighting,91,72,90,90,108,5,False,-3.3333333333333286
714,647,KeldeoResolute Forme,Water,Fighting,91,72,90,90,108,5,False,-3.3333333333333286
158,146,Moltres,Fire,Flying,90,100,90,85,90,1,True,-3.3333333333333286
157,145,Zapdos,Electric,Flying,90,90,85,90,100,1,True,-3.3333333333333286
156,144,Articuno,Ice,Flying,90,85,100,125,85,1,True,-3.3333333333333286
262,243,Raikou,Electric,,90,85,75,100,115,2,True,-3.3333333333333286
397,362,GlalieMega Glalie,Ice,,80,120,80,80,100,3,False,-3.3333333333333286
538,481,Mesprit,Psychic,,80,105,105,105,80,4,True,-3.3333333333333286
414,377,Regirock,Rock,,80,100,200,100,50,3,True,-3.3333333333333286
416,379,Registeel,Steel,,80,75,150,150,50,3,True,-3.3333333333333286
415,378,Regice,Ice,,80,50,100,200,50,3,True,-3.3333333333333286
702,641,TornadusIncarnate Forme,Flying,,79,115,70,80,111,5,True,-3.3333333333333286
704,642,ThundurusIncarnate Forme,Electric,Flying,79,115,70,80,111,5,True,-3.3333333333333286
705,642,ThundurusTherian Forme,Electric,Flying,79,105,70,80,101,5,True,-3.3333333333333286
703,641,TornadusTherian Forme,Flying,,79,100,80,90,121,5,True,-3.3333333333333286
539,482,Azelf,Psychic,,75,125,70,70,115,4,True,-3.3333333333333286
537,480,Uxie,Psychic,,75,75,130,130,95,4,True,-3.3333333333333286
476,428,LopunnyMega Lopunny,Normal,Fighting,65,136,94,96,135,4,False,-3.3333333333333286
23,18,PidgeotMega Pidgeot,Normal,Flying,83,80,80,80,121,1,False,-3.5
339,310,ManectricMega Manectric,Electric,,70,75,80,80,135,3,False,-4.166666666666671
628,567,Archeops,Rock,Flying,75,140,65,65,110,5,False,-5.5
393,359,AbsolMega Absol,Dark,,65,150,60,60,115,3,False,-5.833333333333329
349,319,SharpedoMega Sharpedo,Water,Dark,70,140,70,65,105,3,False,-6.666666666666671
354,323,CameruptMega Camerupt,Fire,Ground,70,120,100,105,20,3,False,-6.666666666666671
64,59,Arcanine,Fire,,90,110,80,80,95,1,False,-7.5
387,354,BanetteMega Banette,Ghost,,64,165,75,83,75,3,False,-7.5
739,671,Florges,Fairy,,78,65,68,154,75,6,False,-8.0
698,637,Volcarona,Bug,Fire,85,60,65,105,100,5,False,-8.333333333333329
591,531,AudinoMega Audino,Normal,Fairy,103,60,126,126,50,5,False,-9.166666666666671
519,468,Togekiss,Fairy,Flying,85,50,95,115,80,4,False,-9.166666666666671
261,242,Blissey,Normal,,255,10,10,135,55,2,False,-10.0
155,143,Snorlax,Normal,,160,110,65,110,30,1,False,-10.0
616,555,DarmanitanZen Mode,Fire,Psychic,105,30,105,105,55,5,False,-10.0
140,130,Gyarados,Water,Flying,95,125,79,100,81,1,False,-10.0
382,350,Milotic,Water,,95,60,79,125,81,3,False,-10.0
673,612,Haxorus,Dragon,,76,147,90,70,97,5,False,-10.0
517,466,Electivire,Electric,,75,123,67,85,95,4,False,-10.0
249,230,Kingdra,Water,Dragon,75,95,95,95,85,2,False,-10.0
518,467,Magmortar,Fire,,75,95,67,95,83,4,False,-10.0
142,131,Lapras,Water,Ice,130,85,80,95,60,1,False,-10.833333333333329
515,464,Rhyperior,Ground,Rock,115,140,130,55,40,4,False,-10.833333333333329
282,260,Swampert,Water,Ground,100,110,90,90,60,3,False,-10.833333333333329
516,465,Tangrowth,Grass,,100,100,125,50,50,4,False,-10.833333333333329
183,169,Crobat,Poison,Flying,85,90,80,80,130,2,False,-10.833333333333329
525,474,Porygon-Z,Normal,,85,80,70,75,90,4,False,-10.833333333333329
791,715,Noivern,Flying,Dragon,85,70,80,80,123,6,False,-10.833333333333329
645,584,Vanilluxe,Ice,,71,95,85,95,79,5,False,-10.833333333333329
513,462,Magnezone,Electric,Steel,70,70,115,90,60,4,False,-10.833333333333329
6,6,Charizard,Fire,Flying,78,84,78,85,100,1,False,-11.0
171,157,Typhlosion,Fire,,78,84,78,85,100,2,False,-11.0
437,392,Infernape,Fire,Fighting,76,104,71,71,108,4,False,-11.0
723,655,Delphox,Fire,Psychic,75,69,72,100,104,6,False,-11.0
741,673,Gogoat,Grass,,123,100,62,81,68,6,False,-11.5
524,473,Mamoswine,Ice,Ground,110,130,80,60,80,4,False,-11.666666666666671
400,365,Walrein,Ice,Water,110,80,90,90,65,3,False,-11.666666666666671
720,652,Chesnaught,Grass,Fighting,88,107,122,75,64,6,False,-11.666666666666671
174,160,Feraligatr,Water,,85,105,100,83,78,2,False,-11.666666666666671
440,395,Empoleon,Water,Steel,84,86,88,101,60,4,False,-11.666666666666671
278,257,Blaziken,Fire,Fighting,80,120,70,70,80,3,False,-11.666666666666671
11,9,Blastoise,Water,,79,83,100,105,78,1,False,-11.666666666666671
726,658,Greninja,Water,Dark,72,95,67,71,122,6,False,-11.666666666666671
332,306,Aggron,Steel,Rock,70,110,180,60,50,3,False,-11.666666666666671
274,254,Sceptile,Grass,,70,85,65,85,120,3,False,-11.666666666666671
559,500,Emboar,Fire,Fighting,110,123,65,65,65,5,False,-12.0
562,503,Samurott,Water,,95,100,85,70,70,5,False,-12.0
556,497,Serperior,Grass,,75,75,95,95,113,5,False,-12.0
145,134,Vaporeon,Water,,130,65,60,95,65,1,False,-12.5
500,450,Hippowdon,Ground,,108,112,118,72,47,4,False,-12.5
434,389,Torterra,Grass,Ground,95,109,105,85,56,4,False,-12.5
212,197,Umbreon,Dark,,95,65,110,130,65,2,False,-12.5
770,700,Sylveon,Fairy,,95,65,65,130,60,6,False,-12.5
2,3,Venusaur,Grass,Poison,80,82,83,100,80,1,False,-12.5
168,154,Meganium,Grass,,80,82,100,100,80,2,False,-12.5
497,448,Lucario,Fighting,Steel,70,110,70,70,90,4,False,-12.5
147,136,Flareon,Fire,,65,130,60,110,65,1,False,-12.5
521,470,Leafeon,Grass,,65,110,130,65,95,4,False,-12.5
146,135,Jolteon,Electric,,65,65,60,95,130,1,False,-12.5
211,196,Espeon,Psychic,,65,65,60,95,110,2,False,-12.5
522,471,Glaceon,Ice,,65,60,110,95,65,4,False,-12.5
528,476,Probopass,Rock,Steel,60,55,145,150,40,4,False,-12.5
98,91,Cloyster,Water,Ice,50,95,180,45,70,1,False,-12.5
529,477,Dusknoir,Ghost,,45,100,135,135,45,4,False,-12.5
450,405,Luxray,Electric,,80,120,79,79,70,4,False,-12.833333333333329
769,699,Aurorus,Rock,Ice,123,77,72,92,58,6,False,-13.166666666666671
767,697,Tyrantrum,Rock,Dragon,82,121,119,59,71,6,False,-13.166666666666671
111,103,Exeggutor,Grass,Psychic,95,95,85,65,55,1,False,-13.333333333333329
361,330,Flygon,Ground,Dragon,80,100,80,80,100,3,False,-13.333333333333329
750,681,AegislashBlade Forme,Steel,Ghost,60,150,50,50,60,6,False,-13.333333333333329
662,601,Klinklang,Steel,,60,100,115,85,90,5,False,-13.333333333333329
130,121,Starmie,Water,Psychic,60,75,85,85,115,1,False,-13.333333333333329
670,609,Chandelure,Ghost,Fire,60,55,90,90,80,5,False,-13.333333333333329
751,681,AegislashShield Forme,Steel,Ghost,60,50,150,150,60,6,False,-13.333333333333329
532,479,RotomHeat Rotom,Electric,Fire,50,65,107,107,86,4,False,-13.333333333333329
533,479,RotomWash Rotom,Electric,Water,50,65,107,107,86,4,False,-13.333333333333329
534,479,RotomFrost Rotom,Electric,Ice,50,65,107,107,86,4,False,-13.333333333333329
535,479,RotomFan Rotom,Electric,Flying,50,65,107,107,86,4,False,-13.333333333333329
536,479,RotomMow Rotom,Electric,Grass,50,65,107,107,86,4,False,-13.333333333333329
613,553,Krookodile,Ground,Dark,95,117,80,70,92,5,False,-13.5
526,475,Gallade,Psychic,Fighting,68,125,65,115,80,4,False,-13.666666666666671
305,282,Gardevoir,Psychic,Fairy,68,65,65,115,80,3,False,-13.666666666666671
514,463,Lickilicky,Normal,,110,85,95,95,50,4,False,-14.166666666666671
520,469,Yanmega,Bug,Flying,86,76,86,56,95,4,False,-14.166666666666671
585,526,Gigalith,Rock,,85,135,130,80,25,5,False,-14.166666666666671
665,604,Eelektross,Electric,,85,115,80,80,50,5,False,-14.166666666666671
252,233,Porygon2,Normal,,85,80,90,95,60,2,False,-14.166666666666671
153,142,Aerodactyl,Rock,Flying,80,105,65,75,130,1,False,-14.166666666666671
79,73,Tentacruel,Water,Poison,80,70,65,120,100,1,False,-14.166666666666671
452,407,Roserade,Grass,Poison,60,70,65,105,90,4,False,-14.166666666666671
789,713,Avalugg,Ice,,95,117,184,46,28,6,False,-14.333333333333329
691,630,Mandibuzz,Dark,Flying,110,65,105,95,80,5,False,-15.0
689,628,Braviary,Normal,Flying,100,123,75,75,80,5,False,-15.0
67,62,Poliwrath,Water,Fighting,90,95,95,90,70,1,False,-15.0
195,181,Ampharos,Electric,,90,75,85,90,55,2,False,-15.0
523,472,Gliscor,Ground,Flying,75,95,125,75,95,4,False,-15.0
223,208,Steelix,Steel,Ground,75,85,200,65,30,2,False,-15.0
512,461,Weavile,Dark,Ice,70,120,65,85,125,4,False,-15.0
681,620,Mienshao,Fighting,,65,125,60,60,105,5,False,-15.0
632,571,Zoroark,Dark,,60,105,60,60,105,5,False,-15.0
336,308,MedichamMega Medicham,Fighting,Psychic,60,100,85,85,100,3,False,-15.0
597,537,Seismitoad,Water,Ground,105,95,75,75,74,5,False,-15.166666666666671
589,530,Excadrill,Ground,Steel,110,135,60,65,88,5,False,-15.333333333333329
736,668,Pyroar,Fire,Normal,86,68,72,66,106,6,False,-15.5
594,534,Conkeldurr,Fighting,,105,140,95,65,45,5,False,-15.833333333333329
478,430,Honchkrow,Dark,Flying,100,125,52,52,71,4,False,-15.833333333333329
74,68,Machamp,Fighting,,90,130,80,85,55,1,False,-15.833333333333329
36,31,Nidoqueen,Poison,Ground,90,92,87,85,76,1,False,-15.833333333333329
39,34,Nidoking,Poison,Ground,81,102,77,75,85,1,False,-15.833333333333329
43,38,Ninetales,Fire,,73,76,75,100,100,1,False,-15.833333333333329
230,213,Shuckle,Bug,Rock,20,10,230,230,5,2,False,-15.833333333333329
351,321,Wailord,Water,,170,90,45,45,60,3,False,-16.66666666666667
96,89,Muk,Poison,,105,105,75,100,50,1,False,-16.66666666666667
235,217,Ursaring,Normal,,90,130,75,75,55,2,False,-16.66666666666667
251,232,Donphan,Ground,,90,120,120,60,50,2,False,-16.66666666666667
201,186,Politoed,Water,,90,75,75,100,70,2,False,-16.66666666666667
567,508,Stoutland,Normal,,85,110,90,90,80,5,False,-16.66666666666667
231,214,Heracross,Bug,Fighting,80,125,75,95,85,2,False,-16.66666666666667
60,55,Golduck,Water,,80,82,78,80,85,1,False,-16.66666666666667
771,701,Hawlucha,Fighting,Flying,78,92,75,63,118,6,False,-16.66666666666667
602,542,Leavanny,Bug,Grass,75,103,80,80,92,5,False,-16.66666666666667
247,229,Houndoom,Dark,Fire,75,90,50,80,95,2,False,-16.66666666666667
759,689,Barbaracle,Rock,Water,72,105,115,86,68,6,False,-16.66666666666667
763,693,Clawitzer,Water,,71,73,88,89,59,6,False,-16.66666666666667
228,212,Scizor,Bug,Steel,70,130,100,80,65,2,False,-16.66666666666667
132,123,Scyther,Bug,Flying,70,110,80,80,105,1,False,-16.66666666666667
502,452,Drapion,Poison,Dark,70,90,110,75,95,4,False,-16.66666666666667
485,437,Bronzong,Steel,Psychic,67,89,116,116,33,4,False,-16.66666666666667
136,127,Pinsir,Bug,,65,125,100,70,85,1,False,-16.66666666666667
84,78,Rapidash,Fire,,65,100,70,80,105,1,False,-16.66666666666667
376,344,Claydol,Ground,Psychic,60,70,105,120,75,3,False,-16.66666666666667
101,94,Gengar,Ghost,Poison,60,65,60,75,110,1,False,-16.66666666666667
70,65,Alakazam,Psychic,,55,50,45,95,120,1,False,-16.66666666666667
773,703,Carbink,Rock,Fairy,50,50,150,150,50,6,False,-16.66666666666667
731,663,Talonflame,Fire,Flying,78,81,71,69,126,6,False,-16.83333333333333
473,426,Drifblim,Ghost,Flying,150,80,44,54,80,4,False,-17.0
571,512,Simisage,Grass,,75,98,63,63,101,5,False,-17.0
573,514,Simisear,Fire,,75,98,63,63,101,5,False,-17.0
575,516,Simipour,Water,,75,98,63,63,101,5,False,-17.0
582,523,Zebstrika,Electric,,75,100,63,63,116,5,False,-17.16666666666667
454,409,Rampardos,Rock,,97,165,60,50,58,4,False,-17.5
743,675,Pangoro,Fighting,Dark,95,124,78,71,58,6,False,-17.5
378,346,Cradily,Rock,Grass,86,81,97,107,43,3,False,-17.5
466,419,Floatzel,Water,,85,105,55,50,115,4,False,-17.5
82,76,Golem,Rock,Ground,80,120,130,65,45,1,False,-17.5
678,617,Accelgor,Bug,,80,70,40,60,145,5,False,-17.5
380,348,Armaldo,Rock,Bug,75,125,100,80,45,3,False,-17.5
626,565,Carracosta,Water,Rock,74,108,133,65,32,5,False,-17.5
650,589,Escavalier,Bug,Steel,70,135,105,105,20,5,False,-17.5
150,139,Omastar,Rock,Water,70,60,125,70,55,1,False,-17.5
19,15,BeedrillMega Beedrill,Bug,Poison,65,150,40,80,145,1,False,-17.5
135,126,Magmar,Fire,,65,95,57,85,93,1,False,-17.5
152,141,Kabutops,Rock,Water,60,115,105,70,80,1,False,-17.5
477,429,Mismagius,Ghost,,60,60,60,105,105,4,False,-17.5
456,411,Bastiodon,Rock,Steel,60,52,168,138,30,4,False,-17.5
510,460,Abomasnow,Grass,Ice,90,92,75,85,60,4,False,-17.66666666666667
787,711,GourgeistSuper Size,Ghost,Grass,85,100,122,75,54,6,False,-17.66666666666667
786,711,GourgeistLarge Size,Ghost,Grass,75,95,122,75,69,6,False,-17.66666666666667
784,711,GourgeistAverage Size,Ghost,Grass,65,90,122,75,84,6,False,-17.66666666666667
761,691,Dragalge,Poison,Dragon,65,75,90,123,44,6,False,-17.66666666666667
785,711,GourgeistSmall Size,Ghost,Grass,55,85,122,75,99,6,False,-17.66666666666667
640,579,Reuniclus,Psychic,,110,65,75,85,30,5,False,-18.33333333333333
123,115,Kangaskhan,Normal,,105,95,80,80,90,1,False,-18.33333333333333
319,295,Exploud,Normal,,104,91,63,73,68,3,False,-18.33333333333333
687,626,Bouffalant,Normal,,95,110,95,95,55,5,False,-18.33333333333333
260,241,Miltank,Normal,,95,80,105,70,100,2,False,-18.33333333333333
86,80,Slowbro,Water,Psychic,95,75,110,80,30,1,False,-18.33333333333333
214,199,Slowking,Water,Psychic,95,75,80,110,30,2,False,-18.33333333333333
504,454,Toxicroak,Poison,Fighting,83,106,65,65,85,4,False,-18.33333333333333
77,71,Victreebel,Grass,Poison,80,105,65,70,70,1,False,-18.33333333333333
138,128,Tauros,Normal,,75,100,95,70,110,1,False,-18.33333333333333
50,45,Vileplume,Grass,Poison,75,80,85,90,50,1,False,-18.33333333333333
197,182,Bellossom,Grass,,75,80,95,100,50,2,False,-18.33333333333333
365,334,Altaria,Dragon,Flying,75,70,90,105,80,3,False,-18.33333333333333
622,561,Sigilyph,Psychic,Flying,72,58,80,80,97,5,False,-18.33333333333333
637,576,Gothitelle,Psychic,,70,55,95,110,65,5,False,-18.33333333333333
686,625,Bisharp,Dark,Steel,65,125,100,70,70,5,False,-18.33333333333333
118,110,Weezing,Poison,,65,90,120,70,60,1,False,-18.33333333333333
134,125,Electabuzz,Electric,,65,83,57,85,105,1,False,-18.33333333333333
659,598,Ferrothorn,Grass,Steel,74,94,131,116,20,5,False,-18.5
580,521,Unfezant,Normal,Flying,80,115,80,55,93,5,False,-18.66666666666667
621,560,Scrafty,Dark,Fighting,65,90,115,115,58,5,False,-18.66666666666667
577,518,Musharna,Psychic,,116,55,85,95,29,5,False,-18.83333333333333
120,112,Rhydon,Ground,Rock,105,130,120,45,40,1,False,-19.16666666666667
404,369,Relicanth,Water,Rock,100,90,130,65,55,3,False,-19.16666666666667
675,614,Beartic,Ice,,95,110,80,80,50,5,False,-19.16666666666667
443,398,Staraptor,Normal,Flying,85,120,70,60,100,4,False,-19.16666666666667
682,621,Druddigon,Dragon,,77,120,90,90,48,5,False,-19.16666666666667
667,606,Beheeyem,Psychic,,75,75,75,95,40,5,False,-19.16666666666667
676,615,Cryogonal,Ice,,70,50,30,135,105,5,False,-19.16666666666667
605,545,Scolipede,Bug,Poison,60,100,89,69,112,5,False,-19.16666666666667
31,26,Raichu,Electric,,60,90,55,80,110,1,False,-19.16666666666667
402,367,Huntail,Water,,55,104,105,75,52,3,False,-19.16666666666667
403,368,Gorebyss,Water,,55,84,105,75,52,3,False,-19.16666666666667
490,442,Spiritomb,Ghost,Dark,50,92,108,108,35,4,False,-19.16666666666667
692,631,Heatmor,Fire,,85,97,66,66,65,5,False,-19.33333333333333
693,632,Durant,Bug,Steel,58,109,112,48,109,5,False,-19.33333333333333
41,36,Clefable,Fairy,,95,70,73,90,60,1,False,-19.5
684,623,Golurk,Ground,Ghost,89,124,80,80,55,5,False,-19.5
105,97,Hypno,Psychic,,85,73,70,115,67,1,False,-19.5
624,563,Cofagrigus,Ghost,,58,50,145,105,30,5,False,-19.5
757,687,Malamar,Dark,Psychic,86,92,88,75,73,6,False,-19.66666666666667
471,424,Ambipom,Normal,,75,100,66,66,115,4,False,-19.66666666666667
765,695,Heliolisk,Electric,Normal,62,55,52,94,109,6,False,-19.83333333333333
615,555,DarmanitanStandard Mode,Fire,,105,140,55,55,95,5,False,-20.0
654,593,Jellicent,Water,Ghost,100,60,70,105,60,5,False,-20.0
298,275,Shiftry,Grass,Dark,90,100,60,60,80,3,False,-20.0
755,685,Slurpuff,Fairy,,82,80,86,75,72,6,False,-20.0
396,362,Glalie,Ice,,80,80,80,80,80,3,False,-20.0
547,489,Phione,Water,,80,80,80,80,80,4,False,-20.0
295,272,Ludicolo,Water,Grass,80,70,70,100,70,3,False,-20.0
242,224,Octillery,Water,,75,105,75,75,45,2,False,-20.0
530,478,Froslass,Ice,Ghost,70,80,70,70,110,4,False,-20.0
609,549,Lilligant,Grass,,70,60,75,75,90,5,False,-20.0
475,428,Lopunny,Normal,,65,76,84,96,105,4,False,-20.0
607,547,Whimsicott,Grass,Fairy,60,67,85,75,116,5,False,-20.0
109,101,Electrode,Electric,,60,50,70,80,140,1,False,-20.0
329,303,MawileMega Mawile,Steel,Fairy,50,105,125,95,50,3,False,-20.0
327,302,SableyeMega Sableye,Dark,Ghost,50,85,125,115,20,3,False,-20.0
483,435,Skuntank,Poison,Dark,103,93,67,61,84,4,False,-20.16666666666667
22,18,Pidgeot,Normal,Flying,83,80,75,70,101,1,False,-20.16666666666667
470,423,Gastrodon,Water,Ground,111,83,68,82,39,4,False,-20.83333333333333
94,87,Dewgong,Water,Ice,90,70,80,95,70,1,False,-20.83333333333333
647,586,Sawsbuck,Normal,Grass,80,100,70,70,95,5,False,-20.83333333333333
363,332,Cacturne,Grass,Dark,70,115,60,60,55,3,False,-20.83333333333333
619,558,Crustle,Bug,Rock,70,95,125,75,45,5,False,-20.83333333333333
338,310,Manectric,Electric,,70,75,60,60,105,3,False,-20.83333333333333
107,99,Kingler,Water,,55,130,115,50,75,1,False,-20.83333333333333
321,297,Hariyama,Fighting,,144,120,60,60,50,3,False,-21.0
779,709,Trevenant,Ghost,Grass,85,110,76,82,56,6,False,-21.0
630,569,Garbodor,Poison,,80,95,82,82,75,5,False,-21.0
463,416,Vespiquen,Bug,Flying,70,80,102,102,40,4,False,-21.0
642,581,Swanna,Water,Flying,75,87,63,63,98,5,False,-21.16666666666667
744,676,Furfrou,Normal,,75,80,60,90,102,6,False,-21.33333333333333
657,596,Galvantula,Bug,Electric,70,77,60,60,108,5,False,-21.33333333333333
679,618,Stunfisk,Ground,Electric,109,66,84,99,32,5,False,-21.5
655,594,Alomomola,Water,,165,75,80,45,65,5,False,-21.66666666666667
357,326,Grumpig,Psychic,,80,45,65,110,80,3,False,-21.66666666666667
634,573,Cinccino,Normal,,75,95,60,60,115,5,False,-21.66666666666667
355,324,Torkoal,Fire,,70,85,140,70,20,3,False,-21.66666666666667
192,178,Xatu,Psychic,Flying,65,75,70,70,95,2,False,-21.66666666666667
777,707,Klefki,Steel,Fairy,57,80,91,87,75,6,False,-21.66666666666667
372,340,Whiscash,Water,Ground,110,78,73,71,60,3,False,-22.0
374,342,Crawdaunt,Water,Dark,63,120,85,55,55,3,False,-22.0
346,317,Swalot,Poison,,100,73,83,83,55,3,False,-22.16666666666667
746,678,MeowsticMale,Psychic,,74,48,76,81,104,6,False,-22.33333333333333
747,678,MeowsticFemale,Psychic,,74,48,76,81,104,6,False,-22.33333333333333
598,538,Throh,Fighting,,120,100,85,85,45,5,False,-22.5
599,539,Sawk,Fighting,,75,125,75,75,85,5,False,-22.5
220,205,Forretress,Bug,Steel,75,90,140,60,40,2,False,-22.5
253,234,Stantler,Normal,,73,95,62,65,85,2,False,-22.5
392,359,Absol,Dark,,65,130,60,60,75,3,False,-22.5
245,227,Skarmory,Steel,Flying,65,80,140,70,70,2,False,-22.5
244,226,Mantine,Water,Flying,65,40,70,140,70,2,False,-22.5
89,82,Magneton,Electric,Steel,50,60,95,70,70,1,False,-22.5
652,591,Amoonguss,Grass,Poison,114,85,70,80,30,5,False,-22.66666666666667
753,683,Aromatisse,Fairy,,101,72,72,89,29,6,False,-23.0
617,556,Maractus,Grass,,75,86,67,67,60,5,False,-23.16666666666667
185,171,Lanturn,Water,Electric,125,58,58,76,67,2,False,-23.33333333333333
390,357,Tropius,Grass,Flying,99,68,83,87,51,3,False,-23.33333333333333
204,189,Jumpluff,Grass,Flying,75,55,70,95,110,2,False,-23.33333333333333
348,319,Sharpedo,Water,Dark,70,120,40,40,95,3,False,-23.33333333333333
353,323,Camerupt,Fire,Ground,70,100,70,75,40,3,False,-23.33333333333333
610,550,Basculin,Water,,70,92,65,55,98,5,False,-23.33333333333333
507,457,Lumineon,Water,,69,69,76,86,91,4,False,-23.33333333333333
310,286,Breloom,Grass,Fighting,60,130,80,60,70,3,False,-23.33333333333333
92,85,Dodrio,Normal,Flying,60,110,70,60,100,1,False,-23.33333333333333
131,122,Mr. Mime,Psychic,Fairy,40,45,65,120,90,1,False,-23.33333333333333
367,335,Zangoose,Normal,,73,115,60,60,90,3,False,-23.66666666666667
368,336,Seviper,Poison,,73,100,60,60,65,3,False,-23.66666666666667
315,291,Ninjask,Bug,Flying,61,90,45,50,160,3,False,-24.0
47,42,Golbat,Poison,Flying,75,80,70,75,90,1,False,-24.16666666666667
218,203,Girafarig,Normal,Psychic,70,80,65,65,85,2,False,-24.16666666666667
62,57,Primeape,Fighting,,65,105,60,70,95,1,False,-24.16666666666667
133,124,Jynx,Ice,Psychic,65,50,35,95,95,1,False,-24.16666666666667
386,354,Banette,Ghost,,64,115,65,63,65,3,False,-24.16666666666667
114,106,Hitmonlee,Fighting,,50,120,53,110,87,1,False,-24.16666666666667
115,107,Hitmonchan,Fighting,,50,105,79,110,76,1,False,-24.16666666666667
256,237,Hitmontop,Fighting,,50,95,95,110,70,2,False,-24.16666666666667
389,356,Dusclops,Ghost,,40,70,130,130,25,3,False,-24.16666666666667
505,455,Carnivine,Grass,,74,100,72,72,46,4,False,-24.33333333333333
480,432,Purugly,Normal,,71,82,64,59,112,4,False,-24.66666666666667
775,705,Sliggoo,Dragon,,68,75,53,113,60,6,False,-24.66666666666667
121,113,Chansey,Normal,,250,5,5,105,50,1,False,-25.0
239,221,Piloswine,Ice,Ground,100,100,80,60,50,2,False,-25.0
226,210,Granbull,Fairy,,90,120,75,60,45,2,False,-25.0
128,119,Seaking,Water,,80,92,65,80,68,1,False,-25.0
33,28,Sandslash,Ground,,75,100,110,55,65,1,False,-25.0
54,49,Venomoth,Bug,Poison,70,65,60,75,90,1,False,-25.0
468,421,Cherrim,Grass,,70,60,70,78,85,4,False,-25.0
749,680,Doublade,Steel,Ghost,59,110,150,49,35,6,False,-25.33333333333333
569,510,Liepard,Dark,,64,88,50,50,106,5,False,-25.66666666666667
590,531,Audino,Normal,,103,60,86,86,50,5,False,-25.83333333333333
178,164,Noctowl,Normal,Flying,100,50,50,96,70,2,False,-26.33333333333333
27,22,Fearow,Normal,Flying,65,90,65,61,100,1,False,-26.33333333333333
312,288,Vigoroth,Normal,,80,80,80,55,90,3,False,-26.66666666666667
370,338,Solrock,Rock,Psychic,70,95,85,65,70,3,False,-26.66666666666667
369,337,Lunatone,Rock,Psychic,70,55,65,85,70,3,False,-26.66666666666667
58,53,Persian,Normal,,65,70,60,65,115,1,False,-26.66666666666667
384,352,Kecleon,Normal,,60,90,70,120,40,3,False,-26.66666666666667
661,600,Klang,Steel,,60,80,95,85,50,5,False,-26.66666666666667
126,117,Seadra,Water,,55,65,95,45,85,1,False,-26.66666666666667
531,479,Rotom,Electric,Ghost,50,50,77,77,91,4,False,-26.66666666666667
29,24,Arbok,Poison,,60,85,69,79,80,1,False,-27.0
45,40,Wigglytuff,Normal,Fairy,140,70,45,50,45,1,False,-27.5
122,114,Tangela,Grass,,65,55,115,40,60,1,False,-27.5
215,200,Misdreavus,Ghost,,60,60,60,85,85,2,False,-27.5
772,702,Dedenne,Electric,Fairy,67,58,57,67,101,6,False,-28.16666666666667
210,195,Quagsire,Water,Ground,95,85,85,65,35,2,False,-28.33333333333333
227,211,Qwilfish,Water,Poison,65,95,75,55,85,2,False,-28.33333333333333
222,207,Gligar,Ground,Flying,65,75,105,65,85,2,False,-28.33333333333333
331,305,Lairon,Steel,Rock,60,90,140,50,40,3,False,-28.33333333333333
300,277,Swellow,Normal,Flying,60,85,60,50,125,3,False,-28.33333333333333
302,279,Pelipper,Water,Flying,60,50,100,70,65,3,False,-28.33333333333333
233,215,Sneasel,Dark,Ice,55,95,55,75,115,2,False,-28.33333333333333
648,587,Emolga,Electric,Flying,55,75,60,60,103,5,False,-28.66666666666667
207,192,Sunflora,Grass,,75,75,55,85,30,2,False,-29.16666666666667
587,528,Swoobat,Psychic,Flying,67,57,55,55,114,5,False,-29.16666666666667
391,358,Chimecho,Psychic,,65,50,70,80,65,3,False,-29.16666666666667
113,105,Marowak,Ground,,60,80,110,80,45,1,False,-29.16666666666667
461,414,Mothim,Bug,Flying,70,94,50,50,66,4,False,-29.33333333333333
459,413,WormadamSandy Cloak,Bug,Ground,60,79,105,85,36,4,False,-29.33333333333333
460,413,WormadamTrash Cloak,Bug,Steel,60,69,95,95,36,4,False,-29.33333333333333
458,413,WormadamPlant Cloak,Bug,Grass,60,59,85,105,36,4,False,-29.33333333333333
728,660,Diggersby,Normal,Ground,85,56,77,77,78,6,False,-29.5
199,184,Azumarill,Water,Fairy,100,50,80,80,50,2,False,-30.0
287,264,Linoone,Normal,,78,70,61,61,100,3,False,-30.0
695,634,Zweilous,Dark,Dragon,72,85,70,70,58,5,False,-30.0
285,262,Mightyena,Dark,,70,90,70,60,70,3,False,-30.0
383,351,Castform,Normal,,70,70,70,70,70,3,False,-30.0
407,372,Shelgon,Dragon,,65,95,100,50,50,3,False,-30.0
160,148,Dragonair,Dragon,,61,84,65,70,70,1,False,-30.0
564,505,Watchog,Normal,,60,85,69,69,77,5,False,-30.0
411,375,Metang,Steel,Psychic,60,75,100,80,50,3,False,-30.0
558,499,Pignite,Fire,Fighting,90,93,55,55,55,5,False,-30.33333333333333
221,206,Dunsparce,Normal,,100,70,70,65,45,2,False,-30.83333333333333
176,162,Furret,Normal,,85,76,64,55,90,2,False,-30.83333333333333
308,284,Masquerain,Bug,Flying,70,60,62,82,60,3,False,-31.0
561,502,Dewott,Water,,75,75,60,60,60,5,False,-31.16666666666667
555,496,Servine,Grass,,60,60,75,75,83,5,False,-31.16666666666667
25,20,Raticate,Normal,,55,81,60,70,97,1,False,-31.16666666666667
734,666,Vivillon,Bug,Flying,80,52,50,50,89,6,False,-31.5
489,441,Chatot,Normal,Flying,76,65,45,42,91,4,False,-31.5
399,364,Sealeo,Ice,Water,90,60,70,70,45,3,False,-31.66666666666667
445,400,Bibarel,Normal,Water,79,85,60,60,71,4,False,-31.66666666666667
200,185,Sudowoodo,Rock,,70,100,115,65,30,2,False,-31.66666666666667
266,247,Pupitar,Rock,Ground,70,84,70,70,51,2,False,-31.66666666666667
492,444,Gabite,Dragon,Ground,68,90,65,55,82,4,False,-31.66666666666667
672,611,Fraxure,Dragon,,66,117,70,50,67,5,False,-31.66666666666667
335,308,Medicham,Fighting,Psychic,60,60,75,75,80,3,False,-31.66666666666667
83,77,Ponyta,Fire,,50,85,55,65,90,1,False,-31.66666666666667
237,219,Magcargo,Fire,Rock,50,50,120,80,30,2,False,-31.66666666666667
722,654,Braixen,Fire,,59,59,58,70,73,6,False,-31.83333333333333
217,202,Wobbuffet,Psychic,,190,33,58,58,33,2,False,-32.5
593,533,Gurdurr,Fighting,,85,105,85,50,40,5,False,-32.5
73,67,Machoke,Fighting,,80,100,70,60,45,1,False,-32.5
433,388,Grotle,Grass,,75,89,85,65,36,4,False,-32.5
281,259,Marshtomp,Water,Ground,70,85,70,70,50,3,False,-32.5
664,603,Eelektrik,Electric,,65,85,70,70,40,5,False,-32.5
173,159,Croconaw,Water,,65,80,80,63,58,2,False,-32.5
436,391,Monferno,Fire,Fighting,64,78,52,52,81,4,False,-32.5
439,394,Prinplup,Water,,64,66,68,76,50,4,False,-32.5
719,651,Quilladin,Grass,,61,78,95,58,57,6,False,-32.5
52,47,Parasect,Bug,Grass,60,95,80,80,30,1,False,-32.5
213,198,Murkrow,Dark,Flying,60,85,42,42,91,2,False,-32.5
277,256,Combusken,Fire,Fighting,60,85,60,60,55,3,False,-32.5
1,2,Ivysaur,Grass,Poison,60,62,63,80,60,1,False,-32.5
167,153,Bayleef,Grass,,60,62,80,80,60,2,False,-32.5
340,311,Plusle,Electric,,60,50,40,75,95,3,False,-32.5
464,417,Pachirisu,Electric,,60,45,70,90,95,4,False,-32.5
341,312,Minun,Electric,,60,40,50,85,95,3,False,-32.5
10,8,Wartortle,Water,,59,63,80,80,58,1,False,-32.5
5,5,Charmeleon,Fire,,58,64,58,65,80,1,False,-32.5
170,156,Quilava,Fire,,58,64,58,65,80,2,False,-32.5
190,176,Togetic,Fairy,Flying,55,40,85,105,40,2,False,-32.5
725,657,Frogadier,Water,,54,63,52,56,97,6,False,-32.5
273,253,Grovyle,Grass,,50,65,45,65,95,3,False,-32.5
100,93,Haunter,Ghost,Poison,45,50,45,55,95,1,False,-32.5
56,51,Dugtrio,Ground,,35,80,50,70,120,1,False,-32.5
627,566,Archen,Rock,Flying,55,112,45,45,70,5,False,-33.16666666666667
350,320,Wailmer,Water,,130,70,35,35,60,3,False,-33.33333333333333
342,313,Volbeat,Bug,,65,73,55,75,85,3,False,-33.33333333333333
343,314,Illumise,Bug,,65,47,55,75,85,3,False,-33.33333333333333
344,315,Roselia,Grass,Poison,50,60,45,80,65,3,False,-33.33333333333333
69,64,Kadabra,Psychic,,40,35,30,70,105,1,False,-33.33333333333333
18,15,Beedrill,Bug,Poison,65,90,40,80,75,1,False,-34.16666666666667
148,137,Porygon,Normal,,65,60,70,75,40,1,False,-34.16666666666667
290,267,Beautifly,Bug,Flying,60,70,50,50,65,3,False,-34.16666666666667
49,44,Gloom,Grass,Poison,60,65,70,75,40,1,False,-34.16666666666667
15,12,Butterfree,Bug,Flying,60,45,50,80,70,1,False,-34.16666666666667
644,583,Vanillish,Ice,,51,65,65,75,59,5,False,-34.16666666666667
495,446,Munchlax,Normal,,135,85,40,85,5,4,False,-35.0
584,525,Boldore,Rock,,70,105,105,40,20,5,False,-35.0
182,168,Ariados,Bug,Poison,70,90,70,60,40,2,False,-35.0
76,70,Weepinbell,Grass,Poison,65,90,50,45,55,1,False,-35.0
208,193,Yanma,Bug,Flying,65,65,45,45,95,2,False,-35.0
636,575,Gothorita,Psychic,,60,45,70,85,55,5,False,-35.0
81,75,Graveler,Rock,Ground,55,95,115,45,35,1,False,-35.0
180,166,Ledian,Bug,Flying,55,35,50,110,85,2,False,-35.0
116,108,Lickitung,Normal,,90,55,75,75,30,1,False,-35.83333333333333
66,61,Poliwhirl,Water,,65,65,65,50,90,1,False,-35.83333333333333
292,269,Dustox,Bug,Poison,60,50,70,90,65,3,False,-35.83333333333333
103,95,Onix,Rock,Ground,35,45,160,45,70,1,False,-35.83333333333333
447,402,Kricketune,Bug,,77,85,51,51,65,4,False,-36.0
596,536,Palpitoad,Water,Ground,75,65,55,55,69,5,False,-36.0
730,662,Fletchinder,Fire,Flying,62,73,55,52,84,6,False,-36.333333333333336
325,301,Delcatty,Normal,,70,65,65,55,70,3,False,-36.666666666666664
601,541,Swadloon,Bug,Grass,55,63,90,80,42,5,False,-36.666666666666664
240,222,Corsola,Water,Rock,55,55,85,85,35,2,False,-36.666666666666664
328,303,Mawile,Steel,Fairy,50,85,85,55,50,3,False,-36.666666666666664
326,302,Sableye,Dark,Ghost,50,75,75,65,50,3,False,-36.666666666666664
323,299,Nosepass,Rock,,30,45,135,90,30,3,False,-37.5
738,670,Floette,Fairy,,54,45,47,98,52,6,False,-38.166666666666664
690,629,Vullaby,Dark,Flying,70,55,75,65,60,5,False,-38.333333333333336
566,507,Herdier,Normal,,65,80,65,65,60,5,False,-38.333333333333336
639,578,Duosion,Psychic,,65,40,50,60,30,5,False,-38.333333333333336
669,608,Lampent,Ghost,Fire,60,40,60,60,55,5,False,-38.333333333333336
735,667,Litleo,Fire,Normal,62,50,58,54,72,6,False,-38.5
35,30,Nidorina,Poison,,70,62,67,55,56,1,False,-39.166666666666664
194,180,Flaaffy,Electric,,70,55,55,60,45,2,False,-39.166666666666664
38,33,Nidorino,Poison,,61,72,57,55,65,1,False,-39.166666666666664
259,240,Magby,Fire,,45,75,37,55,83,2,False,-39.166666666666664
449,404,Luxio,Electric,,60,85,49,49,60,4,False,-39.5
768,698,Amaura,Rock,Ice,77,59,50,63,46,6,False,-39.666666666666664
766,696,Tyrunt,Rock,Dragon,58,89,77,45,48,6,False,-39.666666666666664
318,294,Loudred,Normal,,84,71,43,43,48,3,False,-40.0
358,327,Spinda,Normal,,60,60,60,60,60,3,False,-40.0
697,636,Larvesta,Bug,Fire,55,85,55,55,60,5,False,-40.0
205,190,Aipom,Normal,,55,70,55,55,85,2,False,-40.0
258,239,Elekid,Electric,,45,63,37,55,95,2,False,-40.0
604,544,Whirlipede,Bug,Poison,40,55,99,79,47,5,False,-40.0
579,520,Tranquill,Normal,Flying,62,77,62,42,65,5,False,-40.333333333333336
377,345,Lileep,Rock,Grass,66,41,77,87,23,3,False,-40.833333333333336
745,677,Espurr,Psychic,,62,48,54,60,68,6,False,-40.833333333333336
625,564,Tirtouga,Water,Rock,54,78,103,45,22,5,False,-40.833333333333336
379,347,Anorith,Rock,Bug,45,95,50,50,75,3,False,-40.833333333333336
149,138,Omanyte,Rock,Water,35,40,100,55,35,1,False,-40.833333333333336
151,140,Kabuto,Rock,Water,30,80,90,45,55,1,False,-40.833333333333336
90,83,Farfetch'd,Normal,Flying,52,65,55,62,60,1,False,-41.333333333333336
612,552,Krokorok,Ground,Dark,60,82,45,45,74,5,False,-41.5
688,627,Rufflet,Normal,Flying,70,83,50,50,60,5,False,-41.666666666666664
453,408,Cranidos,Rock,,67,125,40,30,58,4,False,-41.666666666666664
740,672,Skiddo,Grass,,66,65,48,57,52,6,False,-41.666666666666664
63,58,Growlithe,Fire,,55,70,45,50,60,1,False,-41.666666666666664
474,427,Buneary,Normal,,55,66,44,56,85,4,False,-41.666666666666664
680,619,Mienfoo,Fighting,,45,85,50,50,65,5,False,-41.666666666666664
455,410,Shieldon,Rock,Steel,30,42,118,88,30,4,False,-41.666666666666664
21,17,Pidgeotto,Normal,Flying,63,60,55,50,71,1,False,-41.833333333333336
472,425,Drifloon,Ghost,Flying,90,50,34,44,70,4,False,-42.0
742,674,Pancham,Fighting,,67,82,62,48,43,6,False,-42.0
620,559,Scraggy,Dark,Fighting,50,75,70,70,48,5,False,-42.0
119,111,Rhyhorn,Ground,Rock,80,85,95,30,25,1,False,-42.5
508,458,Mantyke,Water,Flying,45,20,50,120,50,4,False,-42.5
401,366,Clamperl,Water,,35,64,85,55,32,3,False,-42.5
752,682,Spritzee,Fairy,,78,52,60,65,23,6,False,-43.166666666666664
754,684,Swirlix,Fairy,,62,48,66,57,49,6,False,-43.166666666666664
297,274,Nuzleaf,Grass,Dark,70,70,40,40,60,3,False,-43.333333333333336
294,271,Lombre,Water,Grass,60,50,50,70,50,3,False,-43.333333333333336
442,397,Staravia,Normal,Flying,55,75,50,40,80,4,False,-43.333333333333336
203,188,Skiploom,Grass,Flying,55,45,50,65,80,2,False,-43.333333333333336
360,329,Vibrava,Ground,Dragon,50,70,50,50,70,3,False,-43.333333333333336
685,624,Pawniard,Dark,Steel,45,85,70,40,60,5,False,-43.333333333333336
117,109,Koffing,Poison,,40,65,95,45,35,1,False,-43.333333333333336
129,120,Staryu,Water,,30,45,55,55,85,1,False,-43.333333333333336
216,201,Unown,Psychic,,48,72,48,48,48,2,False,-44.0
646,585,Deerling,Normal,Grass,60,60,50,50,75,5,False,-44.166666666666664
783,710,PumpkabooSuper Size,Ghost,Grass,59,66,70,55,41,6,False,-44.166666666666664
666,605,Elgyem,Psychic,,55,55,55,55,30,5,False,-44.166666666666664
653,592,Frillish,Water,Ghost,55,40,50,85,40,5,False,-44.166666666666664
782,710,PumpkabooLarge Size,Ghost,Grass,54,66,70,55,46,6,False,-44.166666666666664
362,331,Cacnea,Grass,,50,85,40,40,35,3,False,-44.166666666666664
780,710,PumpkabooAverage Size,Ghost,Grass,49,66,70,55,51,6,False,-44.166666666666664
781,710,PumpkabooSmall Size,Ghost,Grass,44,66,70,55,56,6,False,-44.166666666666664
78,72,Tentacool,Water,Poison,40,40,35,100,70,1,False,-44.166666666666664
509,459,Snover,Grass,Ice,60,62,50,60,40,4,False,-44.333333333333336
250,231,Phanpy,Ground,,90,60,60,40,40,2,False,-45.0
184,170,Chinchou,Water,Electric,75,38,38,56,67,2,False,-45.0
499,449,Hippopotas,Ground,,68,72,78,42,32,4,False,-45.0
234,216,Teddiursa,Normal,,60,80,50,50,40,2,False,-45.0
356,325,Spoink,Psychic,,60,25,35,80,60,3,False,-45.0
465,418,Buizel,Water,,55,65,35,30,85,4,False,-45.0
330,304,Aron,Steel,Rock,50,70,100,40,30,3,False,-45.0
762,692,Clauncher,Water,,50,53,62,63,44,6,False,-45.0
506,456,Finneon,Water,,49,49,56,61,66,4,False,-45.0
246,228,Houndour,Dark,Fire,45,60,30,50,65,2,False,-45.0
243,225,Delibird,Ice,Flying,45,55,45,45,75,2,False,-45.0
405,370,Luvdisc,Water,,43,30,55,65,97,3,False,-45.0
631,570,Zorua,Dark,,40,65,40,40,65,5,False,-45.0
501,451,Skorupi,Poison,Bug,40,50,90,55,65,4,False,-45.0
108,100,Voltorb,Electric,,40,30,50,55,100,1,False,-45.0
482,434,Stunky,Poison,Dark,63,63,47,41,74,4,False,-45.166666666666664
629,568,Trubbish,Poison,,50,50,62,62,65,5,False,-45.166666666666664
588,529,Drilbur,Ground,,60,85,40,45,68,5,False,-45.333333333333336
104,96,Drowzee,Psychic,,60,48,45,90,42,1,False,-45.333333333333336
95,88,Grimer,Poison,,80,80,50,50,25,1,False,-45.833333333333336
469,422,Shellos,Water,,76,48,48,62,34,4,False,-45.833333333333336
93,86,Seel,Water,,65,45,55,70,45,1,False,-45.833333333333336
110,102,Exeggcute,Grass,Psychic,60,40,80,45,40,1,False,-45.833333333333336
144,133,Eevee,Normal,,55,55,50,65,55,1,False,-45.833333333333336
618,557,Dwebble,Bug,Rock,50,65,85,35,55,5,False,-45.833333333333336
748,679,Honedge,Steel,Ghost,45,80,100,37,28,6,False,-45.833333333333336
106,98,Krabby,Water,,30,105,90,25,50,1,False,-45.833333333333336
88,81,Magnemite,Electric,Steel,25,35,70,55,45,1,False,-45.833333333333336
40,35,Clefairy,Fairy,,70,45,48,65,35,1,False,-46.166666666666664
760,690,Skrelp,Poison,Water,50,60,60,60,30,6,False,-46.666666666666664
59,54,Psyduck,Water,,50,52,48,50,55,1,False,-46.666666666666664
112,104,Cubone,Ground,,50,50,95,50,35,1,False,-46.666666666666664
671,610,Axew,Dragon,,46,87,60,40,57,5,False,-46.666666666666664
127,118,Goldeen,Water,,45,67,60,50,63,1,False,-46.666666666666664
48,43,Oddish,Grass,Poison,45,50,55,65,30,1,False,-46.666666666666664
191,177,Natu,Psychic,Flying,40,50,45,45,70,2,False,-46.666666666666664
30,25,Pikachu,Electric,,35,55,40,50,90,1,False,-46.666666666666664
656,595,Joltik,Bug,Electric,50,47,50,50,65,5,False,-46.833333333333336
432,387,Turtwig,Grass,,55,68,64,55,31,4,False,-47.0
0,1,Bulbasaur,Grass,Poison,45,49,49,65,45,1,False,-47.0
166,152,Chikorita,Grass,,45,49,65,65,45,2,False,-47.0
570,511,Pansage,Grass,,50,53,48,48,64,5,False,-47.333333333333336
572,513,Pansear,Fire,,50,53,48,48,64,5,False,-47.333333333333336
574,515,Panpour,Water,,50,53,48,48,64,5,False,-47.333333333333336
85,79,Slowpoke,Water,Psychic,90,65,65,40,15,1,False,-47.5
614,554,Darumaka,Fire,,70,90,45,45,50,5,False,-47.5
649,588,Karrablast,Bug,,50,75,45,45,60,5,False,-47.5
438,393,Piplup,Water,,53,51,53,56,40,4,False,-47.666666666666664
172,158,Totodile,Water,,50,65,64,48,43,2,False,-47.666666666666664
9,7,Squirtle,Water,,44,48,65,64,43,1,False,-47.666666666666664
724,656,Froakie,Water,,41,56,40,44,71,6,False,-47.666666666666664
718,650,Chespin,Grass,,56,61,65,45,38,6,False,-47.833333333333336
586,527,Woobat,Psychic,Flying,55,45,43,43,72,5,False,-47.833333333333336
280,258,Mudkip,Water,,50,70,50,50,40,3,False,-48.333333333333336
479,431,Glameow,Normal,,49,55,42,37,85,4,False,-48.333333333333336
276,255,Torchic,Fire,,45,60,40,50,45,3,False,-48.333333333333336
600,540,Sewaddle,Bug,Grass,45,53,70,60,42,5,False,-48.333333333333336
364,333,Swablu,Normal,Flying,45,40,60,75,50,3,False,-48.333333333333336
272,252,Treecko,Grass,,40,45,35,55,70,3,False,-48.333333333333336
91,84,Doduo,Normal,Flying,35,85,45,35,75,1,False,-48.333333333333336
99,92,Gastly,Ghost,Poison,30,35,30,35,80,1,False,-48.333333333333336
68,63,Abra,Psychic,,25,20,15,55,90,1,False,-48.333333333333336
487,439,Mime Jr.,Psychic,Fairy,20,25,45,90,60,4,False,-48.333333333333336
435,390,Chimchar,Fire,,44,58,44,44,61,4,False,-48.5
778,708,Phantump,Ghost,Grass,43,70,48,60,38,6,False,-48.5
4,4,Charmander,Fire,,39,52,43,50,65,1,False,-48.5
169,155,Cyndaquil,Fire,,39,52,43,50,65,2,False,-48.5
557,498,Tepig,Fire,,65,63,45,45,45,5,False,-48.666666666666664
560,501,Oshawott,Water,,55,55,45,45,45,5,False,-48.666666666666664
554,495,Snivy,Grass,,45,45,55,55,63,5,False,-48.666666666666664
373,341,Corphish,Water,,43,80,65,35,35,3,False,-48.666666666666664
721,653,Fennekin,Fire,,40,45,40,60,60,6,False,-48.833333333333336
758,688,Binacle,Rock,Water,42,52,67,56,50,6,False,-49.0
592,532,Timburr,Fighting,,75,80,55,35,35,5,False,-49.166666666666664
72,66,Machop,Fighting,,70,80,50,35,35,1,False,-49.166666666666664
641,580,Ducklett,Water,Flying,62,44,50,50,55,5,False,-49.166666666666664
352,322,Numel,Fire,Ground,60,60,40,45,35,3,False,-49.166666666666664
53,48,Venonat,Bug,Poison,60,55,50,55,45,1,False,-49.166666666666664
674,613,Cubchoo,Ice,,55,70,40,40,40,5,False,-49.166666666666664
677,616,Shelmet,Bug,,50,40,85,65,25,5,False,-49.166666666666664
347,318,Carvanha,Water,Dark,45,90,20,20,65,3,False,-49.166666666666664
257,238,Smoochum,Ice,Psychic,45,30,15,65,65,2,False,-49.166666666666664
658,597,Ferroseed,Grass,Steel,44,50,91,86,10,5,False,-49.166666666666664
61,56,Mankey,Fighting,,40,80,35,45,70,1,False,-49.166666666666664
643,582,Vanillite,Ice,,36,50,50,60,44,5,False,-49.166666666666664
97,90,Shellder,Water,,30,65,100,25,40,1,False,-49.166666666666664
788,712,Bergmite,Ice,,55,69,85,35,28,6,False,-49.333333333333336
683,622,Golett,Ground,Ghost,59,74,50,50,35,5,False,-49.5
737,669,Flabébé,Fairy,,44,38,39,79,42,6,False,-49.5
623,562,Yamask,Ghost,,38,30,85,65,30,5,False,-49.5
345,316,Gulpin,Poison,,70,43,53,53,40,3,False,-49.666666666666664
225,209,Snubbull,Fairy,,60,80,50,40,30,2,False,-50.0
491,443,Gible,Dragon,Ground,58,70,45,45,42,4,False,-50.0
484,436,Bronzor,Steel,Psychic,57,24,86,86,23,4,False,-50.0
633,572,Minccino,Normal,,55,50,40,40,75,5,False,-50.0
694,633,Deino,Dark,Dragon,52,65,50,50,38,5,False,-50.0
32,27,Sandshrew,Ground,,50,75,85,30,40,1,False,-50.0
75,69,Bellsprout,Grass,Poison,50,75,35,30,40,1,False,-50.0
265,246,Larvitar,Rock,Ground,50,64,50,50,41,2,False,-50.0
395,361,Snorunt,Ice,,50,50,50,50,50,3,False,-50.0
503,453,Croagunk,Poison,Fighting,48,61,40,40,50,4,False,-50.0
406,371,Bagon,Dragon,,45,75,60,30,50,3,False,-50.0
774,704,Goomy,Dragon,,45,50,35,75,40,6,False,-50.0
159,147,Dratini,Dragon,,41,64,45,50,50,1,False,-50.0
80,74,Geodude,Rock,Ground,40,80,100,30,20,1,False,-50.0
410,374,Beldum,Steel,Psychic,40,55,80,60,30,3,False,-50.0
660,599,Klink,Steel,,40,55,70,60,30,5,False,-50.0
65,60,Poliwag,Water,,40,50,40,40,90,1,False,-50.0
375,343,Baltoy,Ground,Psychic,40,40,55,70,55,3,False,-50.0
241,223,Remoraid,Water,,35,65,35,35,65,2,False,-50.0
42,37,Vulpix,Fire,,38,41,40,65,65,1,False,-50.166666666666664
309,285,Shroomish,Grass,,60,40,60,60,35,3,False,-50.833333333333336
581,522,Blitzle,Electric,,45,60,32,32,76,5,False,-50.833333333333336
385,353,Shuppet,Ghost,,44,75,35,33,45,3,False,-50.833333333333336
337,309,Electrike,Electric,,40,45,40,40,65,3,False,-50.833333333333336
125,116,Horsea,Water,,30,40,70,25,60,1,False,-50.833333333333336
388,355,Duskull,Ghost,,20,40,90,90,25,3,False,-50.833333333333336
651,590,Foongus,Grass,Poison,69,55,45,55,15,5,False,-51.0
595,535,Tympole,Water,,50,50,40,40,64,5,False,-51.0
576,517,Munna,Psychic,,76,25,45,55,24,5,False,-51.333333333333336
611,551,Sandile,Ground,Dark,50,72,35,35,65,5,False,-51.333333333333336
398,363,Spheal,Ice,Water,70,40,50,50,25,3,False,-51.666666666666664
486,438,Bonsly,Rock,,50,80,95,45,10,4,False,-51.666666666666664
219,204,Pineco,Bug,,50,65,90,35,15,2,False,-51.666666666666664
359,328,Trapinch,Ground,,45,100,45,45,10,3,False,-51.666666666666664
635,574,Gothita,Psychic,,45,30,50,65,45,5,False,-51.666666666666664
638,577,Solosis,Psychic,,45,30,40,50,20,5,False,-51.666666666666664
57,52,Meowth,Normal,,40,45,35,40,90,1,False,-51.666666666666664
764,694,Helioptile,Electric,Normal,44,38,33,43,70,6,False,-51.833333333333336
756,686,Inkay,Dark,Psychic,53,54,53,46,45,6,False,-52.0
371,339,Barboach,Water,Ground,50,48,43,41,60,3,False,-52.0
143,132,Ditto,Normal,,48,48,48,48,48,1,False,-52.0
28,23,Ekans,Poison,,35,60,44,54,55,1,False,-52.0
481,433,Chingling,Psychic,,45,30,50,50,45,4,False,-52.5
496,447,Riolu,Fighting,,40,70,40,40,60,4,False,-52.5
51,46,Paras,Bug,Grass,35,70,55,55,25,1,False,-52.5
568,509,Purrloin,Dark,,41,50,37,37,66,5,False,-53.166666666666664
311,287,Slakoth,Normal,,60,60,60,35,30,3,False,-53.333333333333336
583,524,Roggenrola,Rock,,55,75,85,25,15,5,False,-53.333333333333336
193,179,Mareep,Electric,,55,40,40,45,35,2,False,-53.333333333333336
608,548,Petilil,Grass,,45,35,50,50,30,5,False,-53.333333333333336
451,406,Budew,Grass,Poison,40,30,35,70,55,4,False,-53.333333333333336
606,546,Cottonee,Grass,Fairy,40,27,60,50,66,5,False,-53.333333333333336
334,307,Meditite,Fighting,Psychic,30,40,55,55,60,3,False,-53.333333333333336
729,661,Fletchling,Normal,Flying,45,50,43,38,62,6,False,-53.666666666666664
304,281,Kirlia,Psychic,Fairy,38,35,35,55,50,3,False,-53.666666666666664
34,29,Nidoran (Female),Poison,,55,47,52,40,41,1,False,-54.166666666666664
668,607,Litwick,Ghost,Fire,50,30,55,55,20,5,False,-54.166666666666664
565,506,Lillipup,Normal,,45,60,45,45,55,5,False,-54.166666666666664
467,420,Cherubi,Grass,,45,35,45,53,35,4,False,-54.166666666666664
663,602,Tynamo,Electric,,35,55,40,40,60,5,False,-54.166666666666664
37,32,Nidoran (Male),Poison,,46,57,40,40,50,1,False,-54.5
44,39,Jigglypuff,Normal,Fairy,115,45,20,25,20,1,False,-55.0
299,276,Taillow,Normal,Flying,40,55,30,30,85,3,False,-55.0
301,278,Wingull,Water,Flying,40,30,30,30,85,3,False,-55.0
307,283,Surskit,Bug,Water,40,30,32,52,65,3,False,-55.166666666666664
314,290,Nincada,Bug,Ground,31,45,90,30,40,3,False,-55.666666666666664
179,165,Ledyba,Bug,Flying,40,20,30,80,55,2,False,-55.833333333333336
55,50,Diglett,Ground,,10,55,25,45,95,1,False,-55.833333333333336
578,519,Pidove,Normal,Flying,50,55,50,30,43,5,False,-56.0
448,403,Shinx,Electric,,45,65,34,34,45,4,False,-56.166666666666664
177,163,Hoothoot,Normal,Flying,60,30,30,56,50,2,False,-56.333333333333336
26,21,Spearow,Normal,Flying,40,60,30,31,70,1,False,-56.333333333333336
394,360,Wynaut,Psychic,,95,23,48,48,23,3,False,-56.666666666666664
324,300,Skitty,Normal,,50,45,45,35,50,3,False,-56.666666666666664
603,543,Venipede,Bug,Poison,30,45,59,39,57,5,False,-56.666666666666664
563,504,Patrat,Normal,,45,55,39,39,42,5,False,-57.5
24,19,Rattata,Normal,,30,56,35,35,72,1,False,-57.833333333333336
20,16,Pidgey,Normal,Flying,40,45,40,35,56,1,False,-58.166666666666664
198,183,Marill,Water,Fairy,70,20,50,50,40,2,False,-58.333333333333336
444,399,Bidoof,Normal,,59,45,40,40,31,4,False,-58.333333333333336
254,235,Smeargle,Normal,,55,20,35,45,75,2,False,-58.333333333333336
238,220,Swinub,Ice,Ground,50,50,40,30,50,2,False,-58.333333333333336
181,167,Spinarak,Bug,Poison,40,60,40,40,30,2,False,-58.333333333333336
236,218,Slugma,Fire,,40,40,40,40,20,2,False,-58.333333333333336
202,187,Hoppip,Grass,Flying,35,35,40,55,50,2,False,-58.333333333333336
441,396,Starly,Normal,Flying,40,55,30,30,60,4,False,-59.166666666666664
46,41,Zubat,Poison,Flying,40,45,35,40,55,1,False,-59.166666666666664
790,714,Noibat,Flying,Dragon,40,30,35,40,55,6,False,-59.166666666666664
189,175,Togepi,Fairy,,35,20,65,65,20,2,False,-59.166666666666664
462,415,Combee,Bug,Flying,30,30,42,42,70,4,False,-59.333333333333336
317,293,Whismur,Normal,,64,51,23,23,28,3,False,-60.0
286,263,Zigzagoon,Normal,,38,30,41,41,60,3,False,-60.0
320,296,Makuhita,Fighting,,72,60,30,30,25,3,False,-60.5
727,659,Bunnelby,Normal,,38,36,38,36,57,6,False,-60.5
316,292,Shedinja,Bug,Ghost,1,90,45,30,40,3,False,-60.666666666666664
457,412,Burmy,Bug,,40,29,45,45,36,4,False,-62.666666666666664
488,440,Happiny,Normal,,100,5,5,65,30,4,False,-63.333333333333336
296,273,Seedot,Grass,,40,40,50,30,30,3,False,-63.333333333333336
293,270,Lotad,Water,Grass,40,30,30,50,30,3,False,-63.333333333333336
284,261,Poochyena,Dark,,35,55,35,30,35,3,False,-63.333333333333336
187,173,Cleffa,Fairy,,50,25,28,55,15,2,False,-63.666666666666664
175,161,Sentret,Normal,,35,46,34,45,20,2,False,-64.16666666666666
733,665,Spewpa,Bug,,45,22,60,30,29,6,False,-64.5
188,174,Igglybuff,Normal,Fairy,90,30,15,20,15,2,False,-65.0
209,194,Wooper,Water,Ground,55,45,45,25,15,2,False,-65.0
255,236,Tyrogue,Fighting,,35,35,35,35,35,2,False,-65.0
289,266,Silcoon,Bug,,50,35,55,25,15,3,False,-65.83333333333334
291,268,Cascoon,Bug,,50,35,55,25,15,3,False,-65.83333333333334
14,11,Metapod,Bug,,50,20,55,25,30,1,False,-65.83333333333334
17,14,Kakuna,Bug,Poison,45,25,50,25,35,1,False,-65.83333333333334
186,172,Pichu,Electric,,20,40,15,35,60,2,False,-65.83333333333334
732,664,Scatterbug,Bug,,38,35,40,25,35,6,False,-66.66666666666666
381,349,Feebas,Water,,20,15,20,55,80,3,False,-66.66666666666666
139,129,Magikarp,Water,,20,10,55,20,80,1,False,-66.66666666666666
303,280,Ralts,Psychic,Fairy,28,25,25,35,40,3,False,-67.0
288,265,Wurmple,Bug,,45,45,35,30,20,3,False,-67.5
13,10,Caterpie,Bug,,45,30,35,20,45,1,False,-67.5
16,13,Weedle,Bug,Poison,40,35,30,20,50,1,False,-67.5
446,401,Kricketot,Bug,,37,25,41,41,25,4,False,-67.66666666666666
322,298,Azurill,Normal,Fairy,50,20,40,40,20,3,False,-68.33333333333333
206,191,Sunkern,Grass,,30,30,30,30,30,2,False,-70.0
